reg,long,lat
AI,-184.00237,52.53513583
AI,-184.1413401,52.51571502
AI,-184.3917976,52.37341207
AI,-184.3521007,52.32477817
AI,-184.2616089,52.16674317
AI,-184.0389942,52.0853978
AI,-183.4438615,51.86949471
AI,-183.2508939,51.81646589
AI,-182.6403922,51.62878652
AI,-182.140054,51.56872712
AI,-181.5451833,51.49359516
AI,-181.2729118,51.38426275
AI,-180.9709585,51.27632824
AI,-180.4337131,51.17241648
AI,-179.7524828,51.15255673
AI,-179.2618586,51.10920841
AI,-178.8570033,51.1283162
AI,-178.163658,51.23526775
AI,-177.6089744,51.31311734
AI,-177.1477465,51.39488319
AI,-176.4371671,51.45047283
AI,-175.9289471,51.53690161
AI,-175.5589504,51.60949963
AI,-174.3819521,51.78006946
AI,-173.9931792,51.83708436
AI,-173.3081754,51.86080132
AI,-172.7923312,51.91183375
AI,-172.040624,51.94549157
AI,-171.690469,52.04322427
AI,-171.1316601,52.16253684
AI,-170.8269202,52.22030914
AI,-169.6920286,52.4571098
AI,-169.1031863,52.60723523
AI,-168.5504391,52.69717838
AI,-168.1126879,52.8588207
AI,-167.6573499,53.00776927
AI,-166.2799027,53.31876842
AI,-165.9143923,53.4389628
AI,-165.3668152,53.56353432
AI,-164.8876522,53.66180542
AI,-164.6225464,53.81482486
AI,-164.4640239,53.99561995
AI,-164.5127054,54.20324091
AI,-164.7802289,54.33162418
AI,-165.0484912,54.39156311
AI,-165.4094302,54.48678609
AI,-166.0427763,54.48394603
AI,-166.7739402,54.40651793
AI,-167.3430447,54.29585116
AI,-167.9937261,54.0801347
AI,-168.1021052,53.92119738
AI,-168.9271172,53.70798612
AI,-169.5345168,53.48956738
AI,-170.2630189,53.33874857
AI,-171.041882,53.01695771
AI,-171.3941449,52.79832729
AI,-172.1869311,52.63172518
AI,-173.3229103,52.56023791
AI,-173.8539021,52.44389388
AI,-174.381068,52.49096336
AI,-174.8960695,52.40792515
AI,-175.1538606,52.3357881
AI,-175.5081108,52.23152105
AI,-176.0238352,52.17124096
AI,-177.0289808,52.12199585
AI,-178.1841679,52.13489716
AI,-178.7326031,52.02407549
AI,-179.2724619,51.98866021
AI,-179.7922699,52.04953414
AI,-180.282411,52.09996767
AI,-180.7435074,52.15015853
AI,-181.5146896,52.2756332
AI,-181.770123,52.32640167
AI,-182.2691772,52.32849753
AI,-182.928144,52.45408554
AI,-183.4192276,52.54160243
AI,-183.7649218,52.56089009
AI,-184.00237,52.53513583
BS,-164.340818,54.70335036
BS,-164.1666827,54.73353158
BS,-163.9485461,54.81255103
BS,-163.7103878,54.85409442
BS,-163.4502205,54.86670842
BS,-163.2729029,54.95637925
BS,-163.1124178,55.03838382
BS,-162.9350027,55.07464285
BS,-162.7522306,55.12758554
BS,-162.7312757,55.19566187
BS,-162.6475508,55.31889788
BS,-162.4892249,55.33860937
BS,-162.278476,55.37910073
BS,-162.1977066,55.44094081
BS,-162.1058114,55.53646058
BS,-161.7782057,55.69483938
BS,-161.5092306,55.71897467
BS,-161.1244315,55.6774854
BS,-160.8704585,55.61435677
BS,-160.5814934,55.60765622
BS,-160.3737855,55.71457662
BS,-160.1682177,55.81260647
BS,-160.0973184,55.96122567
BS,-159.752022,56.09412115
BS,-159.531617,56.18048574
BS,-158.7474718,56.58334802
BS,-158.3986201,56.7323903
BS,-158.0066155,56.93643334
BS,-157.6183255,57.15732758
BS,-157.2444887,57.44082957
BS,-157.131531,57.71593463
BS,-156.9265574,58.03927695
BS,-156.7346622,58.29370668
BS,-156.5602157,58.67332953
BS,-156.4899048,58.90931257
BS,-156.6252456,59.07707441
BS,-156.9250099,59.12644222
BS,-157.4985363,59.03604155
BS,-157.7670072,59.18395227
BS,-157.9962213,59.23896444
BS,-158.6784559,59.23529137
BS,-159.102708,59.12032985
BS,-159.4048063,59.08572737
BS,-159.5846919,59.29662302
BS,-160.1385741,59.39177847
BS,-160.7452534,59.27383408
BS,-160.9431644,59.15584211
BS,-161.2337956,59.05542918
BS,-161.2928522,59.36634489
BS,-161.3449026,59.59081379
BS,-161.4767998,59.78716515
BS,-161.5641346,60.01352531
BS,-161.6360658,60.09857246
BS,-162.0308952,60.20374551
BS,-162.5147627,60.21067142
BS,-163.0108384,60.18181883
BS,-163.4647844,60.17369392
BS,-163.6851994,60.19015897
BS,-163.8076477,60.24246582
BS,-164.0908126,60.45308827
BS,-164.2079722,60.64264158
BS,-164.326724,60.83185755
BS,-164.4690954,61.12547131
BS,-164.6977562,61.32081879
BS,-164.8027712,61.51637457
BS,-164.9127428,61.76341542
BS,-164.8623333,62.00028392
BS,-164.6272629,62.23395014
BS,-164.4540945,62.37701279
BS,-164.2533904,62.54377192
BS,-163.9376975,62.71106446
BS,-163.4560297,62.74585685
BS,-162.8980042,62.83337327
BS,-162.3431987,62.95352893
BS,-162.0924375,63.0624295
BS,-161.3473257,63.20691773
BS,-160.9500881,63.28444745
BS,-160.5874424,63.45086716
BS,-160.4888872,63.71064763
BS,-160.4568084,63.95094931
BS,-160.5582656,64.11665326
BS,-160.5763262,64.37970694
BS,-160.3711589,64.47497158
BS,-160.3416515,64.66484979
BS,-160.5782954,64.94011195
BS,-161.0006603,65.00269129
BS,-161.521527,64.98445768
BS,-162.0092058,64.94459995
BS,-162.3307212,64.85591706
BS,-162.8881164,64.83655526
BS,-163.2727743,64.78583713
BS,-163.7382935,64.79199342
BS,-164.1667513,64.72490915
BS,-164.6854539,64.68846405
BS,-165.1047212,64.71389202
BS,-165.5702316,64.80155472
BS,-165.8397349,64.86861339
BS,-165.9294362,65.00384802
BS,-165.9426689,65.11770306
BS,-165.9186137,65.2995095
BS,-166.3628449,65.46286966
BS,-166.8641394,65.59311502
BS,-167.2617548,65.6295825
BS,-167.9427235,65.65110972
BS,-168.3307929,65.64084933
BS,-168.2487439,65.57883488
BS,-168.3881815,65.51226626
BS,-168.2822321,65.42704662
BS,-167.8841065,65.19857286
BS,-167.5350383,64.84371077
BS,-167.2073186,64.57612464
BS,-166.6039822,64.35085733
BS,-165.9651415,64.26104335
BS,-165.3577212,64.13115816
BS,-164.5614553,64.12408308
BS,-163.8794352,64.18745196
BS,-163.3678881,64.13672371
BS,-162.9769811,63.93610208
BS,-162.9830346,63.76241611
BS,-163.7127796,63.67848599
BS,-164.5755811,63.51607933
BS,-165.1272476,63.41343781
BS,-165.5487105,63.024998
BS,-165.9154692,62.78471881
BS,-166.1977856,62.56951005
BS,-166.6570113,62.27557671
BS,-166.7897042,61.97452295
BS,-166.8077336,61.58832198
BS,-166.5975131,61.25630758
BS,-166.90711,60.94961017
BS,-167.325597,60.76359436
BS,-167.7107509,60.53901665
BS,-167.8646616,60.32033244
BS,-167.8031019,59.98197677
BS,-167.349458,59.6801957
BS,-166.5451787,59.52418613
BS,-165.6857478,59.59131612
BS,-164.8750544,59.70194443
BS,-164.2471929,59.39193077
BS,-163.7509053,59.38643069
BS,-163.3624312,59.31022423
BS,-163.0307523,59.16848767
BS,-162.8940356,59.00888118
BS,-162.7939061,58.79200012
BS,-162.7438275,58.52804521
BS,-162.3477451,58.31878811
BS,-161.5812467,58.20137778
BS,-160.9046144,58.16658407
BS,-160.4063788,58.18248254
BS,-159.8475531,58.22444744
BS,-159.4184612,58.22728506
BS,-159.1082458,58.18207265
BS,-158.7925634,58.07694833
BS,-158.4459958,57.99833925
BS,-158.4159236,57.70742966
BS,-158.8320579,57.41174781
BS,-159.4331529,57.0497228
BS,-159.7161229,56.85827813
BS,-160.0930894,56.66004338
BS,-160.4355544,56.5434793
BS,-160.866342,56.39255853
BS,-161.2856329,56.26490637
BS,-161.7356338,56.13031968
BS,-162.1793718,55.95882599
BS,-162.4250898,55.81852037
BS,-162.8649422,55.59182188
BS,-163.398297,55.39719117
BS,-163.7164311,55.3551242
BS,-164.1386536,55.26837363
BS,-164.4853799,55.16569314
BS,-165.1449248,55.18550639
BS,-165.5630198,55.19228929
BS,-166.5400313,55.33870107
BS,-167.1930953,55.49951791
BS,-167.7170606,55.64811934
BS,-168.0315647,55.91804382
BS,-168.1116486,56.05555713
BS,-168.2925713,56.29067281
BS,-168.7920053,56.48534612
BS,-169.2015776,56.57370247
BS,-169.1765616,56.66564572
BS,-169.4050974,56.72574882
BS,-169.7143603,56.78164637
BS,-169.9518668,56.90588815
BS,-169.9389871,57.0274833
BS,-169.8558701,57.18238074
BS,-169.9727614,57.34549442
BS,-170.1829663,57.39694368
BS,-170.4691156,57.36429501
BS,-170.6401525,57.25496575
BS,-170.7597379,57.10775584
BS,-170.6058391,56.87239865
BS,-170.4376639,56.6799578
BS,-170.412003,56.67188431
BS,-170.1768047,56.52010257
BS,-169.8460349,56.31440058
BS,-169.5622778,56.08160556
BS,-168.9993303,55.77208758
BS,-168.0589338,55.44833799
BS,-167.2346168,55.13853523
BS,-166.5342859,54.95920948
BS,-165.9447585,54.86896409
BS,-165.3327398,54.72378266
BS,-165.2377809,54.51330838
BS,-164.9898346,54.47835762
BS,-164.7780039,54.48050133
BS,-164.633463,54.51354283
BS,-164.340818,54.70335036
CH,-167.4531748,65.65404168
CH,-167.3936388,65.69491882
CH,-167.1668498,65.77443149
CH,-166.6100928,65.92548095
CH,-166.1149013,66.02298468
CH,-165.6809498,66.14289977
CH,-165.2165956,66.21700393
CH,-164.8771571,66.27457194
CH,-164.6418493,66.26093141
CH,-164.4732818,66.23581154
CH,-164.3445095,66.15137232
CH,-164.1311205,66.07199589
CH,-163.886182,65.92347519
CH,-163.5180465,65.91269311
CH,-162.8778027,65.88716332
CH,-162.3756285,65.88415502
CH,-162.0601739,65.89915483
CH,-161.6620255,65.86424902
CH,-161.3555924,65.91616521
CH,-161.0215443,66.00378854
CH,-160.750904,66.15174654
CH,-160.7717447,66.25070087
CH,-160.9080345,66.36809163
CH,-160.9278128,66.45043908
CH,-161.0365285,66.59763343
CH,-161.1451182,66.64224468
CH,-161.352409,66.73642024
CH,-161.3031946,66.83076137
CH,-161.2879459,66.96248772
CH,-161.3594159,67.04702227
CH,-161.6240756,67.10915338
CH,-161.9527572,67.12928628
CH,-162.373638,67.16390113
CH,-162.8248404,67.17161395
CH,-163.090576,67.18264643
CH,-163.3336518,67.19926706
CH,-163.4567326,67.26566344
CH,-163.60026,67.4231255
CH,-163.7248958,67.52320203
CH,-163.8701677,67.64146922
CH,-164.0508443,67.71400703
CH,-164.2760071,67.79844123
CH,-164.5456848,67.86064513
CH,-164.7909469,67.95311891
CH,-165.1670635,68.10063912
CH,-165.3411649,68.16778923
CH,-165.5567798,68.20787351
CH,-165.6963453,68.25262693
CH,-165.8584493,68.31537917
CH,-165.9229091,68.39417176
CH,-165.8804237,68.49939694
CH,-165.8414871,68.58485269
CH,-165.8508037,68.68679079
CH,-165.9119541,68.75620381
CH,-165.9940468,68.89565367
CH,-166.2183808,68.9829638
CH,-166.5079385,68.9696943
CH,-166.7317951,68.88853137
CH,-166.8495485,68.77703602
CH,-166.9829427,68.68630401
CH,-167.3030086,68.60851114
CH,-167.7872518,68.49589655
CH,-167.9587503,68.32017
CH,-167.6987734,68.18921884
CH,-167.2358009,68.08224567
CH,-166.8601517,67.96272593
CH,-166.4028737,67.8019346
CH,-165.6779423,67.6059085
CH,-165.0888845,67.46367124
CH,-164.857566,67.3709415
CH,-164.7212458,67.174101
CH,-164.4410059,67.0497164
CH,-164.1632702,66.94555871
CH,-163.6615732,66.89684808
CH,-163.5198953,66.8025468
CH,-164.1254879,66.82611806
CH,-164.5969773,66.82389106
CH,-165.1788017,66.77859132
CH,-165.922483,66.65415672
CH,-166.9713135,66.35964758
CH,-167.5640628,66.19195342
CH,-167.888534,66.09062021
CH,-168.1638355,66.02103207
CH,-168.3175598,65.91737346
CH,-168.4349054,65.83539831
CH,-168.5315996,65.70118993
CH,-168.2488612,65.65568678
CH,-168.1592104,65.65337707
CH,-168.0390706,65.65686701
CH,-167.9360141,65.64989202
CH,-167.8015623,65.65261943
CH,-167.715323,65.64715279
CH,-167.4531748,65.65404168
GOA,-145.6190667,60.47939655
GOA,-145.4795757,60.54407531
GOA,-145.3756454,60.63084396
GOA,-145.4427881,60.70358552
GOA,-145.6678308,60.77523317
GOA,-145.8614787,60.88456513
GOA,-146.0196453,60.97160605
GOA,-146.0893926,61.04422262
GOA,-146.0790895,61.13436467
GOA,-146.1698889,61.22064664
GOA,-146.5250811,61.23403929
GOA,-146.7767925,61.2124557
GOA,-147.1788319,61.18938299
GOA,-147.3992121,61.17159777
GOA,-147.4770576,61.24886108
GOA,-147.5831991,61.29933968
GOA,-147.7629747,61.30447893
GOA,-148.0859257,61.24701267
GOA,-148.4409493,61.12140833
GOA,-148.6103146,61.04819403
GOA,-148.8295032,60.99449523
GOA,-149.1417174,61.07741347
GOA,-149.3131712,61.14464446
GOA,-149.3655185,61.22664687
GOA,-149.3401192,61.31629753
GOA,-149.2417558,61.38983154
GOA,-149.2148495,61.46264782
GOA,-149.2412371,61.52656449
GOA,-149.3854007,61.5708039
GOA,-149.6261267,61.552984
GOA,-149.9090608,61.48171128
GOA,-150.1132977,61.38901787
GOA,-150.1867364,61.33030386
GOA,-150.429131,61.32787594
GOA,-150.6123523,61.3414575
GOA,-150.8538977,61.32139893
GOA,-151.2509485,61.18004515
GOA,-151.3782247,61.09872146
GOA,-151.8061856,60.97825371
GOA,-151.9878484,60.79127609
GOA,-152.2546567,60.66321257
GOA,-152.4428393,60.52724924
GOA,-152.5941229,60.44451638
GOA,-152.8780507,60.29938226
GOA,-153.0395279,60.10967171
GOA,-153.389274,59.89655031
GOA,-153.6368126,59.81989678
GOA,-153.8022726,59.690918
GOA,-154.0966313,59.49782567
GOA,-154.3605798,59.36264094
GOA,-154.4778816,59.14330888
GOA,-154.4079953,59.01352216
GOA,-154.1801324,58.87374751
GOA,-154.0571922,58.78568391
GOA,-154.1585722,58.65164221
GOA,-154.4464564,58.4542651
GOA,-154.9227969,58.24686455
GOA,-155.0859788,58.16618967
GOA,-155.2114209,58.10610478
GOA,-155.2758934,58.00248851
GOA,-155.357426,57.83001581
GOA,-155.3815345,57.71851472
GOA,-155.5216948,57.52443992
GOA,-155.4510142,57.3544781
GOA,-155.4398698,57.23967008
GOA,-155.3622681,57.05947343
GOA,-154.9847128,56.92147151
GOA,-154.9299775,56.8295636
GOA,-154.9288883,56.7237029
GOA,-154.9717462,56.552973
GOA,-154.9469586,56.41728391
GOA,-154.9042308,56.35139851
GOA,-154.7656092,56.29882326
GOA,-154.481554,56.28998639
GOA,-154.0846253,56.29756139
GOA,-153.6988698,56.37153331
GOA,-153.4605244,56.51294589
GOA,-153.2832465,56.63825412
GOA,-153.2360097,56.79553852
GOA,-152.9576813,56.95504684
GOA,-152.69239,57.06367763
GOA,-152.3547961,57.1473639
GOA,-152.0228386,57.30881157
GOA,-151.8944382,57.47508351
GOA,-151.8413683,57.60129204
GOA,-151.8835025,57.74070651
GOA,-151.9309224,57.84458205
GOA,-151.884613,57.95172604
GOA,-151.7492683,58.05514859
GOA,-151.6259834,58.13285558
GOA,-151.5114638,58.20843298
GOA,-151.4782966,58.27796671
GOA,-151.5587748,58.368886
GOA,-151.6658553,58.46552739
GOA,-151.7606664,58.58750364
GOA,-151.7803715,58.66858241
GOA,-151.8154887,58.76914218
GOA,-151.7673763,58.84748728
GOA,-151.5488179,58.96134195
GOA,-151.387712,58.99469575
GOA,-151.1864293,59.01900864
GOA,-150.9620147,59.04197082
GOA,-150.6617158,59.12480118
GOA,-150.3418676,59.2274061
GOA,-150.0789512,59.28976005
GOA,-149.8267677,59.38312486
GOA,-149.6669394,59.45278328
GOA,-149.3930645,59.56588259
GOA,-149.1563537,59.67135313
GOA,-148.9327745,59.73454964
GOA,-148.6132709,59.7583111
GOA,-148.4027512,59.7620206
GOA,-148.1911587,59.71517572
GOA,-148.0633661,59.65910609
GOA,-147.8091854,59.68058837
GOA,-147.5810004,59.70827064
GOA,-147.3109888,59.77596174
GOA,-147.0963339,59.8617687
GOA,-146.9919402,59.96264681
GOA,-146.862731,60.06188046
GOA,-146.667549,60.14923219
GOA,-146.4048451,60.24134907
GOA,-146.1311987,60.30103947
GOA,-145.9953098,60.30536116
GOA,-145.827445,60.31442544
GOA,-145.7564338,60.33085602
GOA,-145.6689205,60.37766708
GOA,-145.6374024,60.42154074
GOA,-145.6190667,60.47939655
SEAK,-130.346218,54.76112383
SEAK,-130.3688549,54.7856676
SEAK,-130.395005,54.83384623
SEAK,-130.4320457,54.89062296
SEAK,-130.456979,54.92966926
SEAK,-130.503827,55.00788536
SEAK,-130.5102913,55.07162569
SEAK,-130.5596657,55.16432715
SEAK,-130.6257408,55.2799861
SEAK,-130.6119051,55.33560859
SEAK,-130.6200875,55.40845122
SEAK,-130.6151429,55.5003047
SEAK,-130.6988135,55.65935416
SEAK,-130.7455509,55.74700513
SEAK,-130.8879085,55.90304592
SEAK,-131.0068555,55.98845708
SEAK,-131.0992484,56.04958625
SEAK,-131.2854536,56.1408324
SEAK,-131.3909595,56.27058877
SEAK,-131.4991904,56.30301291
SEAK,-131.6872641,56.35459609
SEAK,-131.6847517,56.41158004
SEAK,-131.7933664,56.59063102
SEAK,-131.8058047,56.65428244
SEAK,-131.8715939,56.71664525
SEAK,-131.9312667,56.78112971
SEAK,-132.0246761,56.82886768
SEAK,-132.1201048,56.86905331
SEAK,-132.224486,56.88658319
SEAK,-132.3637302,56.92571609
SEAK,-132.4743232,56.9554902
SEAK,-132.5408764,56.99899323
SEAK,-132.6138393,57.04021789
SEAK,-132.7847648,57.21106187
SEAK,-132.8374369,57.30893785
SEAK,-132.8472197,57.36719109
SEAK,-132.8456882,57.42063507
SEAK,-132.7599939,57.46478923
SEAK,-132.7529071,57.50936164
SEAK,-132.7782363,57.56102936
SEAK,-132.8126364,57.59188557
SEAK,-132.8851147,57.62392751
SEAK,-132.9681345,57.70116137
SEAK,-132.9954404,57.78937996
SEAK,-133.1891496,58.0380895
SEAK,-133.3007297,58.15217469
SEAK,-133.4276411,58.19879723
SEAK,-133.5280151,58.20846693
SEAK,-133.6698775,58.2298665
SEAK,-133.7673394,58.30947516
SEAK,-133.7259979,58.40810017
SEAK,-133.6296148,58.49953489
SEAK,-133.6670089,58.56319575
SEAK,-133.7577557,58.58626715
SEAK,-133.9624315,58.57162058
SEAK,-134.0961743,58.54345714
SEAK,-134.2227786,58.48989477
SEAK,-134.3509718,58.45634284
SEAK,-134.549784,58.54955767
SEAK,-134.6291366,58.66542974
SEAK,-134.6851356,58.76081498
SEAK,-134.7144398,58.82498796
SEAK,-134.7759073,58.9622873
SEAK,-134.8254436,59.02115913
SEAK,-134.9071202,59.12732418
SEAK,-134.9217339,59.21293056
SEAK,-135.0157423,59.34589696
SEAK,-135.2012546,59.49016788
SEAK,-135.3932166,59.54500829
SEAK,-135.5887134,59.52892213
SEAK,-135.7786818,59.48522575
SEAK,-135.8052638,59.42182234
SEAK,-135.7653142,59.31040431
SEAK,-135.6863467,59.22273291
SEAK,-135.5982912,59.1617334
SEAK,-135.5444683,59.09417534
SEAK,-135.5016637,58.99246955
SEAK,-135.4497813,58.91878148
SEAK,-135.4174845,58.84926947
SEAK,-135.3115761,58.76002242
SEAK,-135.315933,58.622933
SEAK,-135.2903894,58.56226276
SEAK,-135.3101184,58.51077982
SEAK,-135.3520293,58.50914039
SEAK,-135.3853829,58.54882634
SEAK,-135.4400921,58.58857397
SEAK,-135.5228727,58.59269205
SEAK,-135.6127763,58.5628927
SEAK,-135.6754339,58.55938646
SEAK,-135.7138182,58.6023037
SEAK,-135.7459279,58.66981175
SEAK,-135.8111185,58.72895439
SEAK,-135.8881545,58.79079888
SEAK,-136.0038546,58.77331715
SEAK,-136.0555542,58.7243215
SEAK,-136.071136,58.65257647
SEAK,-136.0522431,58.59501055
SEAK,-136.0400267,58.49247403
SEAK,-136.0328629,58.44871355
SEAK,-136.0176933,58.40197044
SEAK,-136.0414525,58.35546663
SEAK,-136.0892913,58.32899236
SEAK,-136.1896102,58.30145178
SEAK,-136.2889138,58.29242051
SEAK,-136.3317928,58.29405105
SEAK,-136.4826934,58.25973579
SEAK,-136.530993,58.21445122
SEAK,-136.6027371,58.17618407
SEAK,-136.7480281,58.11597129
SEAK,-136.791756,58.03747886
SEAK,-136.8128747,57.9443672
SEAK,-136.6636865,57.81455025
SEAK,-136.5453366,57.73291646
SEAK,-136.4241251,57.67197076
SEAK,-136.3226339,57.61658001
SEAK,-136.2100871,57.53627065
SEAK,-136.0735343,57.4012584
SEAK,-136.0452619,57.33498682
SEAK,-136.0396517,57.26299222
SEAK,-136.012285,57.19857014
SEAK,-136.0030347,57.13624163
SEAK,-136.0151517,57.07568268
SEAK,-136.0021353,57.01184791
SEAK,-135.9323545,56.9532394
SEAK,-135.8477748,56.92384448
SEAK,-135.7566873,56.90615085
SEAK,-135.6913514,56.88238043
SEAK,-135.7067416,56.83088845
SEAK,-135.6569193,56.77246843
SEAK,-135.5617489,56.7176017
SEAK,-135.4691931,56.66996573
SEAK,-135.3810776,56.601576
SEAK,-135.3049056,56.53775999
SEAK,-135.2483201,56.47044019
SEAK,-135.1385638,56.34484668
SEAK,-135.0124311,56.28911134
SEAK,-134.7763393,56.11262088
SEAK,-134.6091356,56.10405616
SEAK,-134.5077575,56.11410715
SEAK,-134.400744,56.1023177
SEAK,-134.3518576,56.0433151
SEAK,-134.2980699,55.97733231
SEAK,-134.1117572,55.96434898
SEAK,-133.9514232,56.01371862
SEAK,-133.8774772,56.06365092
SEAK,-133.824642,56.13220623
SEAK,-133.820273,56.19524999
SEAK,-133.7500314,56.30195216
SEAK,-133.6349429,56.37682293
SEAK,-133.4923635,56.39450624
SEAK,-133.3459305,56.39571718
SEAK,-133.2389386,56.39402863
SEAK,-133.1675536,56.37322082
SEAK,-133.1325664,56.32226319
SEAK,-133.0650665,56.27357752
SEAK,-132.9705197,56.20652871
SEAK,-132.8215983,56.13030139
SEAK,-132.7175678,56.01928749
SEAK,-132.6137142,55.96872433
SEAK,-132.5367347,55.91830446
SEAK,-132.4329113,55.83277472
SEAK,-132.3612833,55.77288451
SEAK,-132.3155719,55.72610123
SEAK,-132.2824531,55.66015423
SEAK,-132.2775583,55.62002055
SEAK,-132.0628818,55.49023713
SEAK,-131.9825552,55.42730794
SEAK,-131.9219029,55.33012185
SEAK,-131.9133728,55.21685476
SEAK,-131.8890701,55.05254601
SEAK,-131.840448,54.98203971
SEAK,-131.7691265,54.92579083
SEAK,-131.6598883,54.83513732
SEAK,-131.5428713,54.76876438
SEAK,-131.3521876,54.69561527
SEAK,-131.1864432,54.69042681
SEAK,-131.0751735,54.66918311
SEAK,-130.9635542,54.66434185
SEAK,-130.8576515,54.65542816
SEAK,-130.6890124,54.64971665
SEAK,-130.523407,54.66374504
SEAK,-130.4478478,54.68769728
SEAK,-130.3832474,54.7220396
SEAK,-130.346218,54.76112383
SJ,-122.9718762,48.81775995
SJ,-122.9868464,48.81024174
SJ,-123.0007411,48.80340875
SJ,-123.0127666,48.78401008
SJ,-123.0172875,48.76941912
SJ,-123.0333237,48.7605149
SJ,-123.0578656,48.74890179
SJ,-123.0632965,48.74128824
SJ,-123.0888586,48.73107241
SJ,-123.1112199,48.72221616
SJ,-123.1409406,48.71550954
SJ,-123.1642358,48.71361854
SJ,-123.1875468,48.71102646
SJ,-123.2087237,48.7098063
SJ,-123.2309848,48.70719731
SJ,-123.2564666,48.70182113
SJ,-123.273514,48.6942845
SJ,-123.2747365,48.6831423
SJ,-123.2696859,48.66707588
SJ,-123.2572199,48.65234965
SJ,-123.2436763,48.6397067
SJ,-123.236448,48.62920212
SJ,-123.2334602,48.61803356
SJ,-123.2368559,48.60412697
SJ,-123.2380947,48.5929907
SJ,-123.2321805,48.56787057
SJ,-123.2241344,48.54482543
SJ,-123.2138958,48.52733688
SJ,-123.2016743,48.50356458
SJ,-123.1871472,48.49161577
SJ,-123.1695649,48.47476679
SJ,-123.1498016,48.46277484
SJ,-123.1174227,48.45137685
SJ,-123.0977062,48.43868075
SJ,-123.0799162,48.43505228
SJ,-123.046482,48.42641231
SJ,-123.0130677,48.4177624
SJ,-122.9786546,48.40769996
SJ,-122.9483765,48.40114811
SJ,-122.9212236,48.39601096
SJ,-122.8919997,48.39014923
SJ,-122.8480956,48.38482246
SJ,-122.8049701,48.39062835
SJ,-122.7743809,48.39794933
SJ,-122.7510128,48.40952123
SJ,-122.7410434,48.42959702
SJ,-122.7448137,48.44565187
SJ,-122.7452364,48.4693224
SJ,-122.7437448,48.48600844
SJ,-122.7370773,48.49984949
SJ,-122.7345142,48.51721667
SJ,-122.7393771,48.53188614
SJ,-122.7441141,48.5514243
SJ,-122.7490385,48.56400596
SJ,-122.7528593,48.57866217
SJ,-122.7586952,48.59682072
SJ,-122.7541594,48.60929381
SJ,-122.743289,48.62238964
SJ,-122.7272056,48.63333622
SJ,-122.7143112,48.64292706
SJ,-122.7013545,48.65460412
SJ,-122.7032138,48.66367408
SJ,-122.7070672,48.67694444
SJ,-122.7130683,48.68884899
SJ,-122.7252854,48.70500446
SJ,-122.7407309,48.71910961
SJ,-122.7552044,48.73041814
SJ,-122.7761419,48.73692532
SJ,-122.7821532,48.74952935
SJ,-122.7913531,48.76147424
SJ,-122.8027055,48.77205108
SJ,-122.8278307,48.78138782
SJ,-122.8434761,48.78992123
SJ,-122.8644136,48.79851148
SJ,-122.8864509,48.80571786
SJ,-122.9084519,48.81501292
SJ,-122.9348031,48.81947142
SJ,-122.9718762,48.81775995
PS,-122.7512588,48.15764086
PS,-122.7559446,48.14737714
PS,-122.7602407,48.13711965
PS,-122.7669197,48.12870931
PS,-122.7774535,48.11623479
PS,-122.7893031,48.09880039
PS,-122.7957084,48.08833122
PS,-122.7986158,48.07723596
PS,-122.8007469,48.06203223
PS,-122.8105232,48.04504361
PS,-122.8142814,47.99478826
PS,-122.8214681,47.97439919
PS,-122.8302142,47.94391933
PS,-122.8431135,47.91413543
PS,-122.8617195,47.88678372
PS,-122.8748099,47.87063358
PS,-122.881352,47.85664085
PS,-122.9101553,47.8222441
PS,-122.9185017,47.80007952
PS,-122.9232395,47.78314821
PS,-122.9387864,47.75052013
PS,-122.9523484,47.72840845
PS,-122.9615752,47.70507985
PS,-122.9855378,47.68481862
PS,-122.9990437,47.66445018
PS,-123.020355,47.64531943
PS,-123.0479615,47.61125429
PS,-123.0641599,47.58271914
PS,-123.0837389,47.55831002
PS,-123.0989112,47.53678449
PS,-123.1184586,47.51295063
PS,-123.1386877,47.49848349
PS,-123.150424,47.47398679
PS,-123.166502,47.44893286
PS,-123.1818602,47.41566272
PS,-123.189307,47.38817971
PS,-123.1898265,47.36063679
PS,-123.1842591,47.33480003
PS,-123.1464376,47.32161795
PS,-123.1179903,47.31670552
PS,-123.0556968,47.31853542
PS,-123.007926,47.32924833
PS,-122.9724322,47.32839921
PS,-122.9493883,47.31587803
PS,-122.9447778,47.2900815
PS,-122.9523633,47.25914
PS,-122.9722277,47.21836401
PS,-123.0072641,47.19235442
PS,-123.0333226,47.18264102
PS,-123.0689885,47.16656044
PS,-123.1048007,47.14284602
PS,-123.1260972,47.11563008
PS,-123.1286891,47.09466645
PS,-123.1148416,47.06906432
PS,-123.0868797,47.03434473
PS,-123.0440586,47.02946233
PS,-122.9903275,47.0214616
PS,-122.9309675,47.02087071
PS,-122.8607453,47.01563461
PS,-122.83348,47.00709367
PS,-122.7808367,47.00349862
PS,-122.7424401,47.00154754
PS,-122.6929265,47.00468938
PS,-122.6604069,47.02900297
PS,-122.6289143,47.05481803
PS,-122.5991827,47.09488183
PS,-122.5808226,47.12085908
PS,-122.54898,47.1548965
PS,-122.532611,47.18614737
PS,-122.5111605,47.20234245
PS,-122.4842926,47.21471357
PS,-122.4609078,47.22113306
PS,-122.411042,47.22641977
PS,-122.3677484,47.23253674
PS,-122.3336962,47.25828429
PS,-122.3153453,47.27676724
PS,-122.2864825,47.30810803
PS,-122.2672118,47.32203684
PS,-122.2631156,47.34445041
PS,-122.2618086,47.38189224
PS,-122.2550676,47.41624812
PS,-122.2649275,47.45087107
PS,-122.2892046,47.48572252
PS,-122.3059819,47.51371097
PS,-122.3137469,47.54605859
PS,-122.3128449,47.57228137
PS,-122.3163841,47.59857855
PS,-122.322072,47.62716557
PS,-122.3229391,47.66788674
PS,-122.3206274,47.70306194
PS,-122.3230716,47.72932051
PS,-122.3293349,47.77436942
PS,-122.3172921,47.80041
PS,-122.3083738,47.83249766
PS,-122.2952118,47.8577794
PS,-122.2767147,47.87548438
PS,-122.2590096,47.90281187
PS,-122.2379385,47.9294487
PS,-122.2173314,47.94260093
PS,-122.1990312,47.95353988
PS,-122.1753863,47.98761589
PS,-122.1744674,48.01232775
PS,-122.1791748,48.03638399
PS,-122.1909706,48.05081556
PS,-122.2281141,48.07764559
PS,-122.2764277,48.10688805
PS,-122.3036035,48.13204249
PS,-122.3129216,48.15467322
PS,-122.3166062,48.17797101
PS,-122.320112,48.20652092
PS,-122.3202832,48.23466688
PS,-122.3190962,48.26911455
PS,-122.3148665,48.29377303
PS,-122.3116803,48.32069407
PS,-122.3345313,48.34426644
PS,-122.3769647,48.35613875
PS,-122.4293687,48.37413267
PS,-122.4432784,48.39755687
PS,-122.4457262,48.42681383
PS,-122.4371509,48.44767422
PS,-122.4214497,48.47892805
PS,-122.4001984,48.50635804
PS,-122.391414,48.53247515
PS,-122.3801045,48.56606432
PS,-122.3865824,48.60910181
PS,-122.3923538,48.63990066
PS,-122.4171633,48.67846717
PS,-122.4207435,48.70773909
PS,-122.430915,48.77866241
PS,-122.4520951,48.7916966
PS,-122.4857952,48.8048985
PS,-122.5197485,48.81060205
PS,-122.5673888,48.81572466
PS,-122.6262368,48.82771145
PS,-122.6440894,48.84067084
PS,-122.6614298,48.87235587
PS,-122.6719362,48.90470844
PS,-122.6767769,48.93624624
PS,-122.6760007,48.9647217
PS,-122.6810433,48.98952518
PS,-122.6807405,49.00076909
PS,-122.724184,49.00129911
PS,-122.7574248,48.99869512
PS,-122.7929597,48.99610879
PS,-122.8239253,48.99346103
PS,-122.8584002,48.9878434
PS,-122.8771069,48.97079353
PS,-122.8878473,48.9514059
PS,-122.8973382,48.93650507
PS,-122.8853589,48.91013031
PS,-122.8586963,48.87760604
PS,-122.8489636,48.85501039
PS,-122.813986,48.83889213
PS,-122.7826972,48.81381275
PS,-122.7584044,48.78430953
PS,-122.7476424,48.76095176
PS,-122.7367313,48.74358765
PS,-122.7213027,48.72542095
PS,-122.7013845,48.70570032
PS,-122.6862208,48.67928171
PS,-122.6962331,48.65335201
PS,-122.7151176,48.63311443
PS,-122.7383583,48.61723406
PS,-122.7493223,48.60309167
PS,-122.7508186,48.59260857
PS,-122.7455294,48.57693207
PS,-122.7465284,48.56994349
PS,-122.7404466,48.55371937
PS,-122.7387438,48.54131435
PS,-122.7340077,48.53587479
PS,-122.732577,48.52858809
PS,-122.7179389,48.51975308
PS,-122.7152735,48.51529763
PS,-122.7211722,48.50283462
PS,-122.7258,48.49625427
PS,-122.7294218,48.48560714
PS,-122.7279784,48.4771122
PS,-122.7300397,48.46239204
PS,-122.7281706,48.44910024
PS,-122.7244677,48.44205337
PS,-122.7163106,48.43532288
PS,-122.7123068,48.41905629
PS,-122.7149411,48.40397203
PS,-122.7164651,48.38887302
PS,-122.7251461,48.37606694
PS,-122.7338655,48.36178291
PS,-122.7499858,48.33362867
PS,-122.7602186,48.32379714
PS,-122.767086,48.31540031
PS,-122.7769477,48.29819281
PS,-122.7833973,48.28426201
PS,-122.795924,48.27076626
PS,-122.797351,48.2362958
PS,-122.8014528,48.22712698
PS,-122.7995715,48.21383727
PS,-122.792661,48.20270318
PS,-122.7834035,48.1970706
PS,-122.7669643,48.19135537
PS,-122.7600087,48.18243123
PS,-122.7557414,48.17648599
PS,-122.751552,48.1675936
PS,-122.7512588,48.15764086
ST,-124.7546449,48.39585926
ST,-124.7441595,48.38867007
ST,-124.7329314,48.38555013
ST,-124.7233175,48.38348126
ST,-124.7110285,48.38018889
ST,-124.6995314,48.3760079
ST,-124.6821436,48.36832205
ST,-124.6749064,48.3635876
ST,-124.6663431,48.35903613
ST,-124.6583198,48.3550116
ST,-124.650551,48.34974841
ST,-124.632401,48.3431202
ST,-124.5872363,48.31417775
ST,-124.5482574,48.30013713
ST,-124.4767924,48.27356786
ST,-124.4476962,48.25728266
ST,-124.4169842,48.24099599
ST,-124.3677409,48.22802138
ST,-124.3179776,48.21502532
ST,-124.2567716,48.20347566
ST,-124.2250754,48.19586752
ST,-124.1726093,48.17915737
ST,-124.1425465,48.16496323
ST,-124.1141323,48.15621935
ST,-123.991088,48.12665959
ST,-123.9502285,48.11751634
ST,-123.8804774,48.1123075
ST,-123.8319736,48.10892585
ST,-123.7976333,48.10665337
ST,-123.7153064,48.10568864
ST,-123.6782619,48.10410415
ST,-123.6428459,48.10360508
ST,-123.5971569,48.09467881
ST,-123.5460159,48.08679667
ST,-123.492699,48.07851156
ST,-123.3714128,48.06399017
ST,-123.314238,48.06361236
ST,-123.2603419,48.06213413
ST,-123.222662,48.0676722
ST,-123.1773546,48.07204216
ST,-123.1288575,48.07053883
ST,-123.1012153,48.0611886
ST,-123.0400726,48.02900341
ST,-123.0248923,48.02594632
ST,-122.9715145,48.02687925
ST,-122.9267657,48.03078831
ST,-122.8972506,48.03484392
ST,-122.8698188,48.04255749
ST,-122.8077423,48.05903858
ST,-122.8025864,48.06917363
ST,-122.8010667,48.08626494
ST,-122.7869953,48.10393965
ST,-122.7818212,48.11443517
ST,-122.7682797,48.13211263
ST,-122.7609549,48.14112638
ST,-122.7557419,48.15271216
ST,-122.759026,48.17313207
ST,-122.7723266,48.18638841
ST,-122.8001509,48.19865707
ST,-122.8024414,48.21469517
ST,-122.8097681,48.22727997
ST,-122.8196417,48.24491649
ST,-122.8254921,48.26146356
ST,-122.856385,48.27540907
ST,-122.9010038,48.28991899
ST,-122.9505173,48.296374
ST,-123.0061516,48.30507021
ST,-123.0684311,48.30430775
ST,-123.1318318,48.29697028
ST,-123.1955228,48.29217257
ST,-123.2562841,48.2797269
ST,-123.3281512,48.27828438
ST,-123.4249745,48.27407206
ST,-123.4850631,48.27190759
ST,-123.5569191,48.27031962
ST,-123.6201451,48.27697538
ST,-123.6918291,48.28828113
ST,-123.7848511,48.31252766
ST,-123.8913953,48.33459126
ST,-124.0074474,48.35339288
ST,-124.0896701,48.38072357
ST,-124.1491714,48.39906423
ST,-124.2309167,48.42117471
ST,-124.2966542,48.44037993
ST,-124.3599691,48.4558223
ST,-124.4261164,48.47627003
ST,-124.475758,48.49127009
ST,-124.5286253,48.51386779
ST,-124.5838956,48.52588254
ST,-124.6494591,48.53981515
ST,-124.7021183,48.54676321
ST,-124.7556568,48.5340674
ST,-124.7768703,48.48577396
ST,-124.7823892,48.46365955
ST,-124.7940017,48.44549229
ST,-124.7927138,48.42905212
ST,-124.7873072,48.41984545
ST,-124.7778614,48.4100393
ST,-124.7639796,48.40025215
ST,-124.7546449,48.39585926
NC,-124.1604715,47.14648074
NC,-124.1502828,47.15213481
NC,-124.1084105,47.17660377
NC,-124.105521,47.25284202
NC,-124.1215611,47.33820325
NC,-124.1530131,47.45088356
NC,-124.1724185,47.52507544
NC,-124.2124173,47.62946863
NC,-124.2320727,47.70373773
NC,-124.2884455,47.82821711
NC,-124.3416274,47.89132406
NC,-124.4090713,47.94304348
NC,-124.4874125,48.03256939
NC,-124.5138585,48.10616914
NC,-124.5341943,48.17318998
NC,-124.5473469,48.22668229
NC,-124.5608459,48.26440007
NC,-124.572567,48.28996786
NC,-124.6104796,48.33144252
NC,-124.6522681,48.34896467
NC,-124.6853121,48.36826856
NC,-124.716546,48.38168956
NC,-124.7343494,48.38514877
NC,-124.7768212,48.40285693
NC,-124.8415543,48.40195573
NC,-124.939367,48.3888922
NC,-125.0884113,48.35241399
NC,-125.1541019,48.29489936
NC,-125.15661,48.24830327
NC,-125.1422534,48.18961577
NC,-125.1419581,48.15649895
NC,-125.1294827,48.0778516
NC,-125.1217239,48.02871391
NC,-125.1137572,47.94650507
NC,-125.0870008,47.90201517
NC,-125.019524,47.81732472
NC,-124.9820912,47.73390553
NC,-124.9249205,47.68160249
NC,-124.8425998,47.62438396
NC,-124.8085942,47.56058184
NC,-124.7867969,47.51247937
NC,-124.7660069,47.47091684
NC,-124.754946,47.4286964
NC,-124.7082393,47.34259384
NC,-124.6693517,47.27577923
NC,-124.6531412,47.23057411
NC,-124.6123219,47.16869499
NC,-124.5591072,47.15382843
NC,-124.5139262,47.1459028
NC,-124.4673612,47.14333065
NC,-124.40479,47.14127398
NC,-124.3121722,47.1390665
NC,-124.2668973,47.13786775
NC,-124.2357554,47.13769221
NC,-124.2153295,47.13831873
NC,-124.1967494,47.13917262
NC,-124.1927731,47.13919753
NC,-124.1869162,47.13991035
NC,-124.1752158,47.1418528
NC,-124.1604715,47.14648074
SC,-124.0722361,46.24265612
SC,-124.0561062,46.24538434
SC,-124.028405,46.24922506
SC,-124.0098519,46.25277493
SC,-124.0044831,46.27384167
SC,-123.9944543,46.31207692
SC,-123.9827398,46.36365417
SC,-123.9729162,46.40965413
SC,-123.9684506,46.49706629
SC,-123.9633147,46.55909633
SC,-123.9684198,46.61868172
SC,-123.9689906,46.68399616
SC,-123.9865477,46.73738527
SC,-124.0029298,46.80175477
SC,-124.0167212,46.86630583
SC,-124.0346356,46.92154219
SC,-124.0626726,46.99254766
SC,-124.0790134,47.05522285
SC,-124.0905687,47.08181525
SC,-124.1062409,47.11908966
SC,-124.1197522,47.14011471
SC,-124.1440916,47.14224853
SC,-124.1606418,47.14244154
SC,-124.1708546,47.14136832
SC,-124.1767396,47.1408539
SC,-124.1838941,47.1401351
SC,-124.1922704,47.13917382
SC,-124.2021989,47.13838798
SC,-124.2226017,47.13728672
SC,-124.2412032,47.13665916
SC,-124.2697196,47.13431221
SC,-124.3024809,47.13168923
SC,-124.3715952,47.12811217
SC,-124.4234454,47.12289991
SC,-124.473604,47.11212957
SC,-124.5172778,47.10113202
SC,-124.5556054,47.07854348
SC,-124.5637359,47.05792805
SC,-124.5682078,47.03755261
SC,-124.5666928,47.00753212
SC,-124.5306159,46.87834131
SC,-124.5057185,46.82523042
SC,-124.4824185,46.75771071
SC,-124.4563976,46.69512131
SC,-124.4357892,46.62022576
SC,-124.441336,46.53773675
SC,-124.4344942,46.46440182
SC,-124.4238993,46.41207297
SC,-124.4220067,46.34995733
SC,-124.4220145,46.30154858
SC,-124.4064411,46.26107934
SC,-124.3672714,46.24290208
SC,-124.3254482,46.22949632
SC,-124.2704394,46.21692959
SC,-124.1792681,46.22427269
SC,-124.1315732,46.22983801
SC,-124.1090376,46.23405125
SC,-124.0896347,46.23699448
SC,-124.0722361,46.24265612
ON,-124.1317713,44.14017949
ON,-124.1271486,44.13830746
ON,-124.1181007,44.13698762
ON,-124.1100231,44.13724811
ON,-124.0627968,44.13778544
ON,-124.0344128,44.1568971
ON,-124.0113112,44.18266598
ON,-123.9935014,44.22150054
ON,-123.9788665,44.28694747
ON,-123.9585092,44.39828602
ON,-123.951761,44.49785022
ON,-123.9539373,44.63950033
ON,-123.9459848,44.78962487
ON,-123.916942,44.95158627
ON,-123.8875477,45.11074156
ON,-123.8793751,45.25782773
ON,-123.8659355,45.36258449
ON,-123.8547216,45.51518892
ON,-123.8408662,45.64445707
ON,-123.8391141,45.75402288
ON,-123.847817,45.85485629
ON,-123.8496323,45.96139114
ON,-123.8456822,46.05224571
ON,-123.8764227,46.14438221
ON,-123.8982205,46.20066519
ON,-123.9353689,46.23604037
ON,-123.9757704,46.24115607
ON,-124.045332,46.24195911
ON,-124.0687744,46.23955934
ON,-124.0875557,46.23389844
ON,-124.1071231,46.23345199
ON,-124.1281293,46.22813531
ON,-124.1442197,46.22409062
ON,-124.1578642,46.2214097
ON,-124.1837348,46.21855507
ON,-124.2208842,46.21497404
ON,-124.2578724,46.21018078
ON,-124.289492,46.20451117
ON,-124.3292177,46.19406746
ON,-124.3565783,46.18926034
ON,-124.3853931,46.17587058
ON,-124.3913947,46.16215089
ON,-124.3985911,46.15077501
ON,-124.3983184,46.12959039
ON,-124.3883958,46.02819008
ON,-124.3798645,45.99136886
ON,-124.3833666,45.96370885
ON,-124.3894471,45.9283871
ON,-124.3913099,45.88834839
ON,-124.3769516,45.70140909
ON,-124.3789856,45.58654587
ON,-124.3893788,45.50610116
ON,-124.3861576,45.40414251
ON,-124.3961313,45.29387161
ON,-124.3963854,45.21663252
ON,-124.3781092,45.13315443
ON,-124.3919673,45.07742174
ON,-124.4034464,44.97697402
ON,-124.4053653,44.85717547
ON,-124.4074666,44.79217712
ON,-124.4283226,44.70837801
ON,-124.4320446,44.62819396
ON,-124.4415229,44.56504582
ON,-124.4437257,44.49985976
ON,-124.4488096,44.42941065
ON,-124.4532705,44.38149641
ON,-124.4539506,44.33131173
ON,-124.458752,44.28581413
ON,-124.4392317,44.24203273
ON,-124.4137315,44.20619071
ON,-124.3819423,44.17580489
ON,-124.3381527,44.16133616
ON,-124.2669681,44.1512922
ON,-124.2137742,44.14496736
ON,-124.1618253,44.1440766
ON,-124.1503848,44.13966046
ON,-124.1317713,44.14017949
OS,-124.1101385,44.13566189
OS,-124.1180466,44.13566981
OS,-124.1244017,44.13614251
OS,-124.1293354,44.13717398
OS,-124.1355665,44.13792656
OS,-124.1436095,44.13793313
OS,-124.1550241,44.13775479
OS,-124.1638534,44.13822781
OS,-124.1728315,44.13805012
OS,-124.2056733,44.13496659
OS,-124.2335904,44.1392876
OS,-124.2712242,44.13929158
OS,-124.3076523,44.14304551
OS,-124.355023,44.13871027
OS,-124.389877,44.13027668
OS,-124.4307182,44.11529852
OS,-124.4481034,44.10432359
OS,-124.4895918,44.08749756
OS,-124.4946539,44.05194258
OS,-124.4992478,44.01290776
OS,-124.5121304,43.96276305
OS,-124.5167105,43.92374918
OS,-124.551406,43.85455008
OS,-124.5575362,43.79083458
OS,-124.5717289,43.75118711
OS,-124.5870094,43.68334762
OS,-124.621976,43.61766434
OS,-124.6516043,43.54883006
OS,-124.7157267,43.484586
OS,-124.7730564,43.40671636
OS,-124.8192714,43.31904995
OS,-124.8323659,43.23725018
OS,-124.83636,43.1596077
OS,-124.8804416,43.09309395
OS,-124.8948889,43.02167406
OS,-124.9202684,42.95997759
OS,-124.931392,42.86409132
OS,-124.9358183,42.78978579
OS,-124.9076274,42.72562957
OS,-124.8843343,42.66045797
OS,-124.8658521,42.59495757
OS,-124.8436736,42.50160833
OS,-124.8352475,42.43892646
OS,-124.8178746,42.38041675
OS,-124.7996225,42.3149435
OS,-124.7870579,42.25608955
OS,-124.7558272,42.16343253
OS,-124.6931876,42.08359243
OS,-124.6273842,42.01450048
OS,-124.559023,41.9983045
OS,-124.4962831,41.98870298
OS,-124.4203508,42.00238596
OS,-124.3949761,42.0032825
OS,-124.3652349,41.99816979
OS,-124.337145,41.99653781
OS,-124.3079712,41.99587436
OS,-124.2778214,41.99707155
OS,-124.2415648,41.99777898
OS,-124.2163636,41.99994571
OS,-124.2029573,42.00228312
OS,-124.1950588,42.01341214
OS,-124.1981894,42.0339243
OS,-124.2131584,42.05620237
OS,-124.2360322,42.08200116
OS,-124.2565596,42.09431582
OS,-124.2771008,42.12246192
OS,-124.2850151,42.15061608
OS,-124.2994658,42.18681951
OS,-124.3201476,42.23154846
OS,-124.3294746,42.25831468
OS,-124.3372749,42.29426978
OS,-124.3419767,42.35223803
OS,-124.3394274,42.3828287
OS,-124.3353343,42.42145562
OS,-124.3322643,42.45129401
OS,-124.3234702,42.4666023
OS,-124.3088567,42.49911292
OS,-124.3057584,42.51899824
OS,-124.2995462,42.54041469
OS,-124.2974846,42.55991965
OS,-124.2943915,42.58822552
OS,-124.2975297,42.6096508
OS,-124.3063846,42.62419216
OS,-124.3281516,42.67401907
OS,-124.3463777,42.69159605
OS,-124.3719067,42.71107768
OS,-124.3948633,42.73438467
OS,-124.4168056,42.75845986
OS,-124.4377215,42.77947945
OS,-124.4565898,42.80433427
OS,-124.4581886,42.83532706
OS,-124.457223,42.858277
OS,-124.441089,42.87321781
OS,-124.4218312,42.89313369
OS,-124.4114459,42.91380494
OS,-124.3911717,42.95209485
OS,-124.3880701,42.96549686
OS,-124.3692625,43.00286755
OS,-124.3536191,43.03308665
OS,-124.3468909,43.08394823
OS,-124.3364723,43.12373308
OS,-124.3276159,43.16506372
OS,-124.3134941,43.23512446
OS,-124.3003883,43.25998095
OS,-124.2851729,43.29095566
OS,-124.2746701,43.31466667
OS,-124.2567977,43.33340844
OS,-124.2399596,43.37781317
OS,-124.2194225,43.40495285
OS,-124.1962182,43.4424122
OS,-124.1840564,43.47337998
OS,-124.1655464,43.50511487
OS,-124.1549197,43.53877877
OS,-124.1305677,43.58805119
OS,-124.1225534,43.62246338
OS,-124.1208681,43.65727325
OS,-124.1154911,43.68520227
OS,-124.1068571,43.76443182
OS,-124.0934869,43.80342631
OS,-124.0885667,43.84550374
OS,-124.0841808,43.8818581
OS,-124.0745293,43.92945149
OS,-124.0690774,43.96693003
OS,-124.0630689,44.00594832
OS,-124.0656395,44.04414657
OS,-124.0628397,44.08200985
OS,-124.0675483,44.10535262
OS,-124.0733562,44.12028191
OS,-124.0807817,44.13100531
OS,-124.0940964,44.13599667
OS,-124.1101385,44.13566189
HU,-123.9972371,40.01334828
HU,-123.9882262,40.01928686
HU,-123.98309,40.02917586
HU,-123.9895725,40.04597404
HU,-124.0012355,40.07165618
HU,-124.0180694,40.0992992
HU,-124.0400698,40.12494959
HU,-124.0724215,40.15452092
HU,-124.1008982,40.17717314
HU,-124.1358421,40.19782548
HU,-124.1630043,40.20664183
HU,-124.1889082,40.22137525
HU,-124.2122293,40.23413594
HU,-124.2330098,40.25380639
HU,-124.2551452,40.2823475
HU,-124.2656831,40.31585661
HU,-124.2817412,40.38540065
HU,-124.2935868,40.41796537
HU,-124.2937958,40.45550362
HU,-124.2822993,40.48813679
HU,-124.2746808,40.51877058
HU,-124.2592715,40.55041105
HU,-124.2412694,40.5850112
HU,-124.2193492,40.61862716
HU,-124.1935289,40.65619095
HU,-124.1754505,40.68484745
HU,-124.1441736,40.73664929
HU,-124.1051889,40.78218824
HU,-124.0753452,40.84247689
HU,-124.0519793,40.89482509
HU,-124.040357,40.9510841
HU,-124.0312956,40.98858694
HU,-124.0366358,41.03396277
HU,-124.059216,41.08896011
HU,-124.0566609,41.12655179
HU,-124.0475546,41.16710194
HU,-124.0292638,41.21060988
HU,-123.9936578,41.27980615
HU,-123.9803539,41.3164994
HU,-123.975064,41.3790569
HU,-123.9646623,41.41932556
HU,-123.969126,41.47936477
HU,-123.9717555,41.54519087
HU,-123.983408,41.58026571
HU,-124.0081642,41.64090497
HU,-124.028483,41.68486862
HU,-124.0629338,41.7411374
HU,-124.0952244,41.77868034
HU,-124.1189033,41.80735222
HU,-124.1339095,41.8479455
HU,-124.1365881,41.89126077
HU,-124.1344645,41.93680587
HU,-124.1380888,41.96685158
HU,-124.1552548,41.9827624
HU,-124.1767913,41.99270595
HU,-124.1979824,41.99767747
HU,-124.2161044,41.99692898
HU,-124.2303324,41.99529954
HU,-124.2483855,41.99542294
HU,-124.2690416,41.99469752
HU,-124.2889715,41.99536063
HU,-124.3290688,41.99129612
HU,-124.353052,41.98355985
HU,-124.3744121,41.98087033
HU,-124.4335396,41.97312105
HU,-124.4836097,41.96430308
HU,-124.5135594,41.946937
HU,-124.5270638,41.9115711
HU,-124.5236925,41.8850292
HU,-124.5222265,41.84306852
HU,-124.5312314,41.81281647
HU,-124.5371644,41.7684482
HU,-124.5273804,41.72136119
HU,-124.5096894,41.68247508
HU,-124.4862488,41.63826234
HU,-124.4386618,41.59477398
HU,-124.4301855,41.55715758
HU,-124.4140145,41.51911516
HU,-124.4088795,41.47672542
HU,-124.4118226,41.41821172
HU,-124.4106605,41.36764921
HU,-124.4115676,41.31313821
HU,-124.4186941,41.26775639
HU,-124.4265188,41.22805692
HU,-124.4519286,41.16611338
HU,-124.4656646,41.1126085
HU,-124.4806337,41.04848209
HU,-124.49716,40.99583353
HU,-124.5267693,40.93500091
HU,-124.5526706,40.87307401
HU,-124.5889307,40.82373639
HU,-124.626675,40.75822052
HU,-124.6689589,40.6869673
HU,-124.6864958,40.61579135
HU,-124.6921548,40.56322439
HU,-124.7069335,40.49932423
HU,-124.7087731,40.4443945
HU,-124.6898341,40.40567969
HU,-124.6862481,40.36318801
HU,-124.6687703,40.32170841
HU,-124.65505,40.26793819
HU,-124.6385499,40.21971311
HU,-124.6043155,40.18345737
HU,-124.5909791,40.16037785
HU,-124.5706708,40.12310436
HU,-124.5373442,40.09344348
HU,-124.5021591,40.06256857
HU,-124.4692179,40.03552869
HU,-124.4482487,40.00628516
HU,-124.4136275,39.97934068
HU,-124.3743113,39.94201343
HU,-124.3166661,39.92601373
HU,-124.2852636,39.91082314
HU,-124.2433451,39.90972902
HU,-124.2114788,39.90524653
HU,-124.1847768,39.91511266
HU,-124.1684343,39.92313846
HU,-124.1460156,39.93351554
HU,-124.0981843,39.95532933
HU,-124.0576234,39.97661887
HU,-124.0301675,39.99404921
HU,-124.0187627,40.00056183
HU,-124.013549,40.00356687
HU,-124.0073579,40.00732214
HU,-123.9972371,40.01334828
ME,-124.0136711,40.00129173
ME,-124.0227636,39.99733627
ME,-124.0337494,39.98982649
ME,-124.0417518,39.98163334
ME,-124.0485994,39.97714533
ME,-124.0641495,39.96602931
ME,-124.0777926,39.95665213
ME,-124.0959895,39.94575925
ME,-124.1203965,39.93404307
ME,-124.1423311,39.92369796
ME,-124.1534013,39.91488963
ME,-124.1914332,39.89453023
ME,-124.2138179,39.88080647
ME,-124.2246263,39.85972218
ME,-124.2262697,39.82908588
ME,-124.2466708,39.77682121
ME,-124.2245096,39.72544718
ME,-124.1899439,39.65867486
ME,-124.1748742,39.62107827
ME,-124.1639329,39.57303488
ME,-124.1609324,39.52444285
ME,-124.1636902,39.47951311
ME,-124.1561695,39.43733036
ME,-124.1620558,39.39623626
ME,-124.1662461,39.36338991
ME,-124.1623276,39.32907548
ME,-124.1596759,39.28245327
ME,-124.1366269,39.21894692
ME,-124.1036214,39.16020574
ME,-124.0855858,39.11667676
ME,-124.0647489,39.07129704
ME,-124.0531292,39.03747487
ME,-124.0700761,38.99955045
ME,-124.0696022,38.9710215
ME,-124.0663015,38.94064561
ME,-124.0660626,38.9141206
ME,-124.0329561,38.87567093
ME,-124.015126,38.83200828
ME,-123.9949368,38.79053744
ME,-123.9806382,38.75475408
ME,-123.9433384,38.72471392
ME,-123.8891316,38.70815328
ME,-123.8330097,38.69783962
ME,-123.761255,38.71314664
ME,-123.7014894,38.71732505
ME,-123.6659589,38.72796558
ME,-123.619015,38.72915086
ME,-123.5894916,38.7432258
ME,-123.5523179,38.75642767
ME,-123.5388424,38.77074081
ME,-123.5247652,38.77951641
ME,-123.5219128,38.80541593
ME,-123.5287178,38.82796256
ME,-123.5468291,38.8594347
ME,-123.5685858,38.87524092
ME,-123.5929669,38.89173507
ME,-123.605045,38.91360402
ME,-123.6231465,38.94912367
ME,-123.6186224,38.96612953
ME,-123.6174735,38.9981383
ME,-123.6154602,39.02810008
ME,-123.6213462,39.05742235
ME,-123.6315703,39.09290022
ME,-123.639106,39.13518653
ME,-123.6493193,39.17340753
ME,-123.6736214,39.2110208
ME,-123.6875003,39.2349557
ME,-123.7063974,39.29589846
ME,-123.7129952,39.32219269
ME,-123.7202549,39.36191729
ME,-123.7328385,39.39758342
ME,-123.7326439,39.42502939
ME,-123.7278479,39.46122747
ME,-123.7192947,39.4927497
ME,-123.7129619,39.53610208
ME,-123.7014082,39.56290276
ME,-123.7056938,39.59736404
ME,-123.7160634,39.62952153
ME,-123.7219136,39.65874699
ME,-123.7323,39.69092019
ME,-123.7450444,39.71317734
ME,-123.764614,39.73838926
ME,-123.7683274,39.75286248
ME,-123.7772485,39.78266302
ME,-123.7891918,39.81656284
ME,-123.8087143,39.85691733
ME,-123.8291215,39.87976268
ME,-123.8587052,39.89738269
ME,-123.886004,39.92025306
ME,-123.893562,39.93371662
ME,-123.9026181,39.95478641
ME,-123.9124521,39.9741106
ME,-123.9329913,39.98762237
ME,-123.9543077,40.00113811
ME,-123.9695409,40.0117131
ME,-123.9825063,40.01584507
ME,-123.9939629,40.01236386
ME,-124.0136711,40.00129173
